activity_id,title,category_id,description,date,status
1,Self-enabling multimedia focus group,2,Reflect discuss today main agent about man.,2026-06-04,Cancelled
2,Innovative upward-trending circuit,1,Gas firm style ability seek stuff build unit require top face.,2026-05-26,Cancelled
3,Object-based human-resource parallelism,3,Guess into every answer big strong.,2026-05-15,Planned
4,Distributed dynamic flexibility,3,Memory couple health what this speech piece tree wait near rest.,2026-04-17,Cancelled
5,Upgradable incremental knowledge user,4,Sell popular experience any unit camera line gas fear school wish employee pretty.,2026-05-17,Cancelled
6,Realigned static infrastructure,1,Cold claim debate town market detail town.,2026-08-10,Planned
7,Organized interactive challenge,1,Court before garden before dream election now thought see include including model heavy.,2026-05-22,Completed
8,Centralized modular focus group,5,Whose call me picture television democratic even eat hundred knowledge west support their.,2026-04-13,Cancelled
9,Automated interactive strategy,2,Why majority available us up month life large situation difference charge will.,2026-04-24,Completed
10,Up-sized tangible project,3,Be since ability call notice also resource while phone month join.,2026-07-13,Planned
11,Cross-platform asynchronous framework,5,Want court end so ability Mr you everything first style drug money.,2026-06-16,Planned
12,Assimilated incremental strategy,1,Area create those positive ball direction interesting have manage.,2026-07-04,Cancelled
13,Universal intangible hierarchy,3,Cup someone school measure day wide find star discuss develop set.,2026-05-16,Completed
14,Secured modular pricing structure,3,To machine travel argue organization two approach age.,2026-06-22,Completed
15,Operative actuating strategy,2,Contain last Republican fire both bag.,2026-05-01,Completed
